Grid Nifs,,,Ambient,Merlin Data
NIF,Textual Name,Filename,Only,Shadow,Color,Animate,Collide,Ground,MinAngle,MaxAngle,MinScale,MaxScale,Radius,LOD 1,LOD 2,LOD 3,LOD 4,Ref Height,Ref Width,Unique,Local,Terrain
401,ch_banner01,ch_banner01.nif,0,0,0,0,2048,0,0,0,100,100,0,0,0,0,0,16,16,0,0,0
402,ch_bodypile_01,ch_bodypile_01.nif,0,0,0,0,2048,0,0,0,100,100,0,0,0,0,0,16,16,0,0,0
403,ch_bodypile_02,ch_bodypile_02.nif,0,0,0,0,2048,0,0,0,100,100,0,0,0,0,0,16,16,0,0,0
404,ch_broken_earth_01,ch_broken_earth_01.nif,0,0,0,0,2048,0,0,0,100,100,0,0,0,0,0,16,16,0,0,0
405,ch_broken_earth_03,ch_broken_earth_03.nif,0,0,0,0,2048,0,0,0,100,100,0,0,0,0,0,16,16,0,0,0
406,ch_broken_earth_small01,ch_broken_earth_small01.nif,0,0,0,0,2048,0,0,0,100,100,0,0,0,0,0,16,16,0,0,0
407,ch_broken_earth_small02,ch_broken_earth_small02.nif,0,0,0,0,2048,0,0,0,100,100,0,0,0,0,0,16,16,0,0,0
408,ch_cage_cart01,ch_cage_cart01.nif,0,0,0,0,2048,0,0,0,100,100,0,0,0,0,0,16,16,0,0,0
409,ch_dead_livestock01,ch_dead_livestock01.nif,0,0,0,0,2048,0,0,360,100,100,0,0,0,0,0,16,16,0,0,0
410,ch_dead_livestock03,ch_dead_livestock03.nif,0,0,0,0,2048,0,0,360,100,100,0,0,0,0,0,16,16,0,0,0
411,ch_dead_livestock04,ch_dead_livestock04.nif,0,0,0,0,2048,0,0,360,100,100,0,0,0,0,0,16,16,0,0,0
412,ch_dead_livestock05,ch_dead_livestock05.nif,0,0,0,0,2048,0,0,0,100,100,0,0,0,0,0,16,16,0,0,0
413,ch_dead_livestock06,ch_dead_livestock06.nif,0,0,0,0,2048,0,0,360,100,100,0,0,0,0,0,16,16,0,0,0
414,ch_dead_livestock07,ch_dead_livestock07.nif,0,0,0,0,2048,0,0,0,100,100,0,0,0,0,0,16,16,0,0,0
415,ch_dead_livestock09,ch_dead_livestock09.nif,0,0,0,0,2048,1,0,360,100,100,0,0,0,0,0,16,16,0,0,0
416,ch_dead_livestock10,ch_dead_livestock10.nif,0,0,0,0,2048,0,0,0,100,100,0,0,0,0,0,16,16,0,0,0
417,ch_dead_livestock11,ch_dead_livestock11.nif,0,0,0,0,2048,0,0,0,100,100,0,0,0,0,0,16,16,0,0,0
418,ch_juttingrock03,ch_juttingrock03.nif,0,0,0,0,2048,0,0,0,100,100,0,0,0,0,0,16,16,0,0,0
419,ch_metallic_ruins01,ch_metallic_ruins01.nif,0,0,0,0,2048,0,0,0,100,100,0,0,0,0,0,16,16,0,0,0
420,ch_metallic_ruins02,ch_metallic_ruins02.nif,0,0,0,0,2048,0,0,0,100,100,0,0,0,0,0,16,16,0,0,0
421,ch_prop_prisonercage01,ch_prop_prisonercage01.nif,0,0,0,0,2048,0,0,0,100,100,0,0,0,0,0,16,16,0,0,0
422,ch_prop_prisonercage02,ch_prop_prisonercage02.nif,0,0,0,0,2048,0,0,0,100,100,0,0,0,0,0,16,16,0,0,0
423,ch_prop_prisonercage03,ch_prop_prisonercage03.nif,0,0,0,0,2048,0,0,0,100,100,0,0,0,0,0,16,16,0,0,0
424,ch_prop_torturerack01,ch_prop_torturerack01.nif,0,0,0,0,2048,0,0,0,100,100,0,0,0,0,0,16,16,0,0,0
425,ch_road_brazier01,ch_road_brazier01.nif,0,0,0,0,2048,0,0,0,100,100,0,0,0,0,0,16,16,0,0,0
426,ch_road_brazier01_fire,ch_road_brazier01_fire.nif,0,0,0,0,2048,0,0,0,100,100,0,0,0,0,0,16,16,0,0,0
427,ch_roadwall_spikes_01,ch_roadwall_spikes_01.nif,0,0,0,0,2048,0,0,0,100,100,0,0,0,0,0,16,16,0,0,0
428,ch_roadwall_spikes_02,ch_roadwall_spikes_02.nif,0,0,0,0,2048,0,0,0,100,100,0,0,0,0,0,16,16,0,0,0
429,ch_roadwall_spikes_03,ch_roadwall_spikes_03.nif,0,0,0,0,2048,0,0,0,100,100,0,0,0,0,0,16,16,0,0,0
430,ch_roadwall_spikes_04,ch_roadwall_spikes_04.nif,0,0,0,0,2048,0,0,0,100,100,0,0,0,0,0,16,16,0,0,0
431,ch_rock_rustychain01,ch_rock_rustychain01.nif,0,0,0,0,2048,0,0,0,100,100,0,0,0,0,0,16,16,0,0,0
432,ch_rock_rustychain02,ch_rock_rustychain02.nif,0,0,0,0,2048,0,0,0,100,100,0,0,0,0,0,16,16,0,0,0
433,ch_rock_rustychain03,ch_rock_rustychain03.nif,0,0,0,0,2048,0,0,0,100,100,0,0,0,0,0,16,16,0,0,0
434,ch_rune03,ch_rune03.nif,0,0,0,0,2048,0,0,0,100,100,0,0,0,0,0,16,16,0,0,0
435,ch_rune05,ch_rune05.nif,0,0,0,0,2048,0,0,0,100,100,0,0,0,0,0,16,16,0,0,0
436,ch_rune06,ch_rune06.nif,0,0,0,0,2048,0,0,0,100,100,0,0,0,0,0,16,16,0,0,0
437,ch_rune09,ch_rune09.nif,0,0,0,0,2048,0,0,0,100,100,0,0,0,0,0,16,16,0,0,0
438,ch_rvr_warcampwall01,ch_rvr_warcampwall01.nif,0,0,0,0,2048,0,0,0,100,100,0,0,0,0,0,16,16,0,0,0
439,ch_rvr_warcampwall02,ch_rvr_warcampwall02.nif,0,0,0,0,2048,0,0,0,100,100,0,0,0,0,0,16,16,0,0,0
440,ch_signpost_base01,ch_signpost_base01.nif,0,0,0,0,2048,0,0,0,100,100,0,0,0,0,0,16,16,0,0,0
441,ch_signpost_marker01,ch_signpost_marker01.nif,0,0,0,0,2048,0,0,0,100,100,0,0,0,0,0,16,16,0,0,0
442,ch_tentacletree,ch_tentacletree.nif,0,0,0,0,2048,0,0,0,100,100,0,0,0,0,0,16,16,0,0,0
443,ch_torchlight01,ch_torchlight01.nif,0,0,0,0,2048,0,0,0,100,100,0,0,0,0,0,16,16,0,0,0
444,ch_torchlight02,ch_torchlight02.nif,0,0,0,0,2048,0,0,0,100,100,0,0,0,0,0,16,16,0,0,0
445,ch_tzeench_eye01,ch_tzeench_eye01.nif,0,0,0,0,2048,0,0,0,100,100,0,0,0,0,0,16,16,0,0,0
446,ch_vikingship01,ch_vikingship01.nif,0,0,0,0,2048,0,0,0,100,100,0,0,0,0,0,16,16,0,0,0
447,cre_raven_efx,cre_raven_efx.nif,0,0,0,0,2048,0,0,0,100,100,0,0,0,0,0,16,16,0,0,0
448,de_banner01,de_banner01.nif,0,0,0,0,2048,0,0,0,100,100,0,0,0,0,0,16,16,0,0,0
449,de_encampment_piece01,de_encampment_piece01.nif,0,0,0,0,2048,0,0,0,100,100,0,0,0,0,0,16,16,0,0,0
450,de_props_groundtorch01,de_props_groundtorch01.nif,0,0,0,0,2048,0,0,0,100,100,0,0,0,0,0,16,16,0,0,0
451,dw_banner_large_03,dw_banner_large_03.nif,0,0,0,0,2048,0,0,0,100,100,0,0,0,0,0,16,16,0,0,0
452,dw_bvar_gangplank01,dw_bvar_gangplank01.nif,0,0,0,0,2048,0,0,0,100,100,0,0,0,0,0,16,16,0,0,0
453,dw_coalpile01,dw_coalpile01.nif,0,0,0,0,2048,0,0,0,100,100,0,0,0,0,0,16,16,0,0,0
454,dw_coalpile_fire01,dw_coalpile_fire01.nif,0,0,0,0,2048,0,0,0,100,100,0,0,0,0,0,16,16,0,0,0
455,dw_crate_ammo01,dw_crate_ammo01.nif,0,0,0,0,2048,0,0,0,100,100,0,0,0,0,0,16,16,0,0,0
456,dw_crate_ammo02,dw_crate_ammo02.nif,0,0,0,0,2048,0,0,0,100,100,0,0,0,0,0,16,16,0,0,0
457,dw_crate_ammo03,dw_crate_ammo03.nif,0,0,0,0,2048,0,0,0,100,100,0,0,0,0,0,16,16,0,0,0
458,dw_gyropad01,dw_gyropad01.nif,0,0,0,0,2048,0,0,0,100,100,0,0,0,0,0,16,16,0,0,0
459,dw_gyropad01_steps,dw_gyropad01_steps.nif,0,0,0,0,2048,0,0,0,100,100,0,0,0,0,0,16,16,0,0,0
460,dw_prop_anvil02,dw_prop_anvil02.nif,0,0,0,0,2048,0,0,0,100,100,0,0,0,0,0,16,16,0,0,0
461,dw_prop_bottles01,dw_prop_bottles01.nif,0,0,0,0,2048,0,0,0,100,100,0,0,0,0,0,16,16,0,0,0
462,dw_prop_bottles02,dw_prop_bottles02.nif,0,0,0,0,2048,0,0,0,100,100,0,0,0,0,0,16,16,0,0,0
463,dw_prop_bottles03,dw_prop_bottles03.nif,0,0,0,0,2048,0,0,0,100,100,0,0,0,0,0,16,16,0,0,0
464,dw_prop_cball01,dw_prop_cball01.nif,0,0,0,0,2048,0,0,0,100,100,0,0,0,0,0,16,16,0,0,0
465,dw_prop_cball_pile01,dw_prop_cball_pile01.nif,0,0,0,0,2048,0,0,0,100,100,0,0,0,0,0,16,16,0,0,0
466,dw_prop_table01,dw_prop_table01.nif,0,0,0,0,2048,0,0,0,100,100,0,0,0,0,0,16,16,0,0,0
467,dw_roadside_brazier01,dw_roadside_brazier01.nif,0,0,0,0,2048,0,0,0,100,100,0,0,0,0,0,16,16,0,0,0
468,dw_strategytable01_groupscrolls,dw_strategytable01_groupscrolls.nif,0,0,0,0,2048,0,0,0,100,100,0,0,0,0,0,16,16,0,0,0
469,dw_strategytable01_openscroll,dw_strategytable01_openscroll.nif,0,0,0,0,2048,0,0,0,100,100,0,0,0,0,0,16,16,0,0,0
470,dw_tent01,dw_tent01.nif,0,0,0,0,2048,0,0,0,100,100,0,0,0,0,0,16,16,0,0,0
471,em_arch_target,em_arch_target.nif,0,0,0,0,2048,0,0,0,100,100,0,0,0,0,0,16,16,0,0,0
472,em_banner_02,em_banner_02.nif,0,0,0,0,2048,0,0,0,100,100,0,0,0,0,0,16,16,0,0,0
473,em_barrel_01,em_barrel_01.nif,0,0,0,0,2048,0,0,360,100,100,0,0,0,0,0,16,16,0,0,0
474,em_barrel_large_01_floating,em_barrel_large_01_floating.nif,0,0,0,0,2048,0,0,0,100,100,0,0,0,0,0,16,16,0,0,0
475,em_barricade_01,em_barricade_01.nif,0,0,0,0,2048,0,0,0,100,100,0,0,0,0,0,16,16,0,0,0
476,em_barricade_02,em_barricade_02.nif,0,0,0,0,2048,0,0,0,100,100,0,0,0,0,0,16,16,0,0,0
477,em_barricade_03,em_barricade_03.nif,0,0,0,0,2048,0,0,0,100,100,0,0,0,0,0,16,16,0,0,0
478,em_basket_apples_01,em_basket_apples_01.nif,0,0,0,0,2048,0,0,0,100,100,0,0,0,0,0,16,16,0,0,0
479,em_basket_fish_01,em_basket_fish_01.nif,0,0,0,0,2048,0,0,0,100,100,0,0,0,0,0,16,16,0,0,0
480,em_basket_short,em_basket_short.nif,0,0,0,0,2048,0,0,0,100,100,0,0,0,0,0,16,16,0,0,0
481,em_basket_sml_01,em_basket_sml_01.nif,0,0,0,0,2048,0,0,0,100,100,0,0,0,0,0,16,16,0,0,0
482,em_birdFlock01,em_birdFlock01.nif,0,0,0,0,2048,0,0,0,100,100,0,0,0,0,0,16,16,0,0,0
483,em_books_01,em_books_01.nif,0,0,0,0,2048,0,0,360,100,100,0,0,0,0,0,16,16,0,0,0
484,em_books_02,em_books_02.nif,0,0,0,0,2048,0,0,360,100,100,0,0,0,0,0,16,16,0,0,0
485,em_books_03,em_books_03.nif,0,0,0,0,2048,0,0,360,100,100,0,0,0,0,0,16,16,0,0,0
486,em_books_04,em_books_04.nif,0,0,0,0,2048,0,0,360,100,100,0,0,0,0,0,16,16,0,0,0
487,em_boulder_00,em_boulder_00.nif,0,0,0,0,2048,0,0,0,100,100,0,0,0,0,0,16,16,0,0,0
488,em_boulder_01,em_boulder_01.nif,0,0,0,0,2048,0,0,360,60,100,0,0,0,0,0,16,16,0,0,0
489,em_boulder_large_a,em_boulder_large_a.nif,0,0,0,0,2048,0,0,360,60,100,0,0,0,0,0,16,16,0,0,0
490,em_boulder_large_b,em_boulder_large_b.nif,0,0,0,0,2048,0,0,0,100,100,0,0,0,0,0,16,16,0,0,0
491,em_brazier_01,em_brazier_01.nif,0,0,0,0,2048,0,0,0,100,100,0,0,0,0,0,16,16,0,0,0
492,em_bridge01_small,em_bridge01_small.nif,0,0,0,0,2048,0,0,0,100,100,0,0,0,0,0,16,16,0,0,0
493,em_bucket_01,em_bucket_01.nif,0,0,0,0,2048,0,0,0,100,100,0,0,0,0,0,16,16,0,0,0
494,em_building_barn01,em_building_barn01.nif,0,0,0,0,2048,0,0,0,100,100,0,0,0,0,0,16,16,0,0,0
495,em_building_belltower01,em_building_belltower01.nif,0,0,0,0,2048,0,0,0,100,100,0,0,0,0,0,16,16,0,0,0
496,em_building_belltower01_INT,em_building_belltower01_INT.nif,0,0,0,0,2048,0,0,0,100,100,0,0,0,0,0,16,16,0,0,0
497,em_building_belltower02,em_building_belltower02.nif,0,0,0,0,2048,0,0,0,100,100,0,0,0,0,0,16,16,0,0,0
498,em_building_belltower02_int,em_building_belltower02_int.nif,0,0,0,0,2048,0,0,0,100,100,0,0,0,0,0,16,16,0,0,0
499,em_building_bits06,em_building_bits06.nif,0,0,0,0,2048,0,0,0,100,100,0,0,0,0,0,16,16,0,0,0
500,em_building_bits08,em_building_bits08.nif,0,0,0,0,2048,0,0,0,100,100,0,0,0,0,0,16,16,0,0,0
501,em_building_house01,em_building_house01.nif,0,0,0,0,2048,0,0,0,100,100,0,0,0,0,0,16,16,0,0,0
502,em_building_house01_burning,em_building_house01_burning.nif,0,0,0,0,2048,0,0,0,100,100,0,0,0,0,0,16,16,0,0,0
503,em_building_house01_destroyed,em_building_house01_destroyed.nif,0,0,0,0,2048,0,0,0,100,100,0,0,0,0,0,16,16,0,0,0
504,em_building_house02,em_building_house02.nif,0,0,0,0,2048,0,0,0,100,100,0,0,0,0,0,16,16,0,0,0
505,em_building_house02_burning,em_building_house02_burning.nif,0,0,0,0,2048,0,0,0,100,100,0,0,0,0,0,16,16,0,0,0
506,em_building_house02_destroyed,em_building_house02_destroyed.nif,0,0,0,0,2048,0,0,0,100,100,0,0,0,0,0,16,16,0,0,0
507,em_building_interior01,em_building_interior01.nif,0,0,0,0,2048,0,0,0,100,100,0,0,0,0,0,16,16,0,0,0
508,em_building_interior02,em_building_interior02.nif,0,0,0,0,2048,0,0,0,100,100,0,0,0,0,0,16,16,0,0,0
509,em_building_merchant01,em_building_merchant01.nif,0,0,0,0,2048,0,0,0,100,100,0,0,0,0,0,16,16,0,0,0
510,em_building_merchant01_destroyed,em_building_merchant01_destroyed.nif,0,0,0,0,2048,0,0,0,100,100,0,0,0,0,0,16,16,0,0,0
511,em_building_merchant02,em_building_merchant02.nif,0,0,0,0,2048,0,0,0,100,100,0,0,0,0,0,16,16,0,0,0
512,em_building_merchant03,em_building_merchant03.nif,0,0,0,0,2048,0,0,0,100,100,0,0,0,0,0,16,16,0,0,0
513,em_building_merchant04,em_building_merchant04.nif,0,0,0,0,2048,0,0,0,100,100,0,0,0,0,0,16,16,0,0,0
514,em_building_sign01,em_building_sign01.nif,0,0,0,0,2048,0,0,0,100,100,0,0,0,0,0,16,16,0,0,0
515,em_building_windmill01,em_building_windmill01.nif,0,0,0,0,2048,0,0,0,100,100,0,0,0,0,0,16,16,0,0,0
516,em_building_windmill02,em_building_windmill02.nif,0,0,0,0,2048,0,0,0,100,100,0,0,0,0,0,16,16,0,0,0
517,em_building_windmill04,em_building_windmill04.nif,0,0,0,0,2048,0,0,0,100,100,0,0,0,0,0,16,16,0,0,0
518,em_bush_blackroses_02,em_bush_blackroses_02.nif,0,0,0,0,2048,1,0,360,80,110,0,0,0,0,0,16,16,0,0,0
519,em_bush_blackroses_03,em_bush_blackroses_03.nif,0,0,0,0,2048,1,0,360,80,110,0,0,0,0,0,16,16,0,0,0
520,em_cage_01,em_cage_01.nif,0,0,0,0,2048,0,0,0,100,100,0,0,0,0,0,16,16,0,0,0
521,em_castle01_corner01,em_castle01_corner01.nif,0,0,0,0,2048,0,0,0,100,100,0,0,0,0,0,16,16,0,0,0
522,em_castle01_corner01_destroyed,em_castle01_corner01_destroyed.nif,0,0,0,0,2048,0,0,0,100,100,0,0,0,0,0,16,16,0,0,0
523,em_castle01_gatehouse01,em_castle01_gatehouse01.nif,0,0,0,0,2048,0,0,0,100,100,0,0,0,0,0,16,16,0,0,0
524,em_castle01_straight01,em_castle01_straight01.nif,0,0,0,0,2048,0,0,0,100,100,0,0,0,0,0,16,16,0,0,0
525,em_castle01_straight01_destroyed_a,em_castle01_straight01_destroyed_a.nif,0,0,0,0,2048,0,0,0,100,100,0,0,0,0,0,16,16,0,0,0
526,em_castle01_straight01_destroyed_b,em_castle01_straight01_destroyed_b.nif,0,0,0,0,2048,0,0,0,100,100,0,0,0,0,0,16,16,0,0,0
527,em_castle01_tower01,em_castle01_tower01.nif,0,0,0,0,2048,0,0,0,100,100,0,0,0,0,0,16,16,0,0,0
528,em_cemetery_fence01_connector01,em_cemetery_fence01_connector01.nif,0,0,0,0,2048,0,0,0,100,100,0,0,0,0,0,16,16,0,0,0
529,em_cemetery_fence01_connector02,em_cemetery_fence01_connector02.nif,0,0,0,0,2048,0,0,0,100,100,0,0,0,0,0,16,16,0,0,0
530,em_cemetery_fence01_connector03,em_cemetery_fence01_connector03.nif,0,0,0,0,2048,0,0,0,100,100,0,0,0,0,0,16,16,0,0,0
531,em_cemetery_fence01_connector04,em_cemetery_fence01_connector04.nif,0,0,0,0,2048,0,0,0,100,100,0,0,0,0,0,16,16,0,0,0
532,em_cemetery_fence01_connector05,em_cemetery_fence01_connector05.nif,0,0,0,0,2048,0,0,0,100,100,0,0,0,0,0,16,16,0,0,0
533,em_cemetery_fence01_gate01,em_cemetery_fence01_gate01.nif,0,0,0,0,2048,0,0,0,100,100,0,0,0,0,0,16,16,0,0,0
534,em_cemetery_fence01_straight01,em_cemetery_fence01_straight01.nif,0,0,0,0,2048,0,0,0,100,100,0,0,0,0,0,16,16,0,0,0
535,em_cemetery_fence01_straight02,em_cemetery_fence01_straight02.nif,0,0,0,0,2048,0,0,0,100,100,0,0,0,0,0,16,16,0,0,0
536,em_cemetery_gravestone01,em_cemetery_gravestone01.nif,0,0,0,0,2048,0,0,0,100,100,0,0,0,0,0,16,16,0,0,0
537,em_cemetery_gravestone02,em_cemetery_gravestone02.nif,0,0,0,0,2048,0,0,0,100,100,0,0,0,0,0,16,16,0,0,0
538,em_cemetery_gravestone03,em_cemetery_gravestone03.nif,0,0,0,0,2048,0,0,0,100,100,0,0,0,0,0,16,16,0,0,0
539,em_cemetery_gravestone04,em_cemetery_gravestone04.nif,0,0,0,0,2048,0,0,0,100,100,0,0,0,0,0,16,16,0,0,0
540,em_cemetery_gravestone05,em_cemetery_gravestone05.nif,0,0,0,0,2048,0,0,0,100,100,0,0,0,0,0,16,16,0,0,0
541,em_cemetery_gravestone06,em_cemetery_gravestone06.nif,0,0,0,0,2048,0,0,0,100,100,0,0,0,0,0,16,16,0,0,0
542,em_cemetery_mausoleum01,em_cemetery_mausoleum01.nif,0,0,0,0,2048,0,0,0,100,100,0,0,0,0,0,16,16,0,0,0
543,em_cemetery_mausoleum02,em_cemetery_mausoleum02.nif,0,0,0,0,2048,0,0,0,100,100,0,0,0,0,0,16,16,0,0,0
544,em_chair_01,em_chair_01.nif,0,0,0,0,2048,0,0,0,100,100,0,0,0,0,0,16,16,0,0,0
545,em_chest_01,em_chest_01.nif,0,0,0,0,2048,0,0,0,100,100,0,0,0,0,0,16,16,0,0,0
546,em_city_crates01,em_city_crates01.nif,0,0,0,0,2048,0,0,0,100,100,0,0,0,0,0,16,16,0,0,0
547,em_city_crates_lamp,em_city_crates_lamp.nif,0,0,0,0,2048,0,0,0,100,100,0,0,0,0,0,16,16,0,0,0
548,em_city_docks_crate01,em_city_docks_crate01.nif,0,0,0,0,2048,0,0,0,100,100,0,0,0,0,0,16,16,0,0,0
549,em_city_docks_crate02,em_city_docks_crate02.nif,0,0,0,0,2048,0,0,0,100,100,0,0,0,0,0,16,16,0,0,0
550,em_city_docks_crate03,em_city_docks_crate03.nif,0,0,0,0,2048,0,0,0,100,100,0,0,0,0,0,16,16,0,0,0
551,em_city_docks_crate04,em_city_docks_crate04.nif,0,0,0,0,2048,0,0,0,100,100,0,0,0,0,0,16,16,0,0,0
552,em_city_signhanging,em_city_signhanging.nif,0,0,0,0,2048,0,0,0,100,100,0,0,0,0,0,16,16,0,0,0
553,em_city_tent_round02,em_city_tent_round02.nif,0,0,0,0,2048,0,0,0,100,100,0,0,0,0,0,16,16,0,0,0
554,em_crate_01,em_crate_01.nif,0,0,0,0,2048,0,0,360,100,100,0,0,0,0,0,16,16,0,0,0
555,em_crate_02,em_crate_02.nif,0,0,0,0,2048,0,0,360,100,100,0,0,0,0,0,16,16,0,0,0
556,em_crate_03,em_crate_03.nif,0,0,0,0,2048,0,0,360,100,100,0,0,0,0,0,16,16,0,0,0
557,em_crypt_entrance01,em_crypt_entrance01.nif,0,0,0,0,2048,0,0,0,100,100,0,0,0,0,0,16,16,0,0,0
558,em_crypt_hall02,em_crypt_hall02.nif,0,0,0,0,2048,0,0,0,100,100,0,0,0,0,0,16,16,0,0,0
559,em_crypt_hall03,em_crypt_hall03.nif,0,0,0,0,2048,0,0,0,100,100,0,0,0,0,0,16,16,0,0,0
560,em_crypt_hall04,em_crypt_hall04.nif,0,0,0,0,2048,0,0,0,100,100,0,0,0,0,0,16,16,0,0,0
561,em_crypt_hall05,em_crypt_hall05.nif,0,0,0,0,2048,0,0,0,100,100,0,0,0,0,0,16,16,0,0,0
562,em_crypt_prop01,em_crypt_prop01.nif,0,0,0,0,2048,0,0,0,100,100,0,0,0,0,0,16,16,0,0,0
563,em_crypt_prop02a,em_crypt_prop02a.nif,0,0,0,0,2048,0,0,0,100,100,0,0,0,0,0,16,16,0,0,0
564,em_crypt_prop02b,em_crypt_prop02b.nif,0,0,0,0,2048,0,0,0,100,100,0,0,0,0,0,16,16,0,0,0
565,em_crypt_prop_brazier,em_crypt_prop_brazier.nif,0,0,0,0,2048,0,0,0,100,100,0,0,0,0,0,16,16,0,0,0
566,em_crypt_prop_chandelier,em_crypt_prop_chandelier.nif,0,0,0,0,2048,0,0,0,100,100,0,0,0,0,0,16,16,0,0,0
567,em_crypt_prop_coffin01,em_crypt_prop_coffin01.nif,0,0,0,0,2048,0,0,0,100,100,0,0,0,0,0,16,16,0,0,0
568,em_crypt_prop_coffin02,em_crypt_prop_coffin02.nif,0,0,0,0,2048,0,0,0,100,100,0,0,0,0,0,16,16,0,0,0
569,em_crypt_prop_coffin03,em_crypt_prop_coffin03.nif,0,0,0,0,2048,0,0,0,100,100,0,0,0,0,0,16,16,0,0,0
570,em_crypt_prop_coffin04,em_crypt_prop_coffin04.nif,0,0,0,0,2048,0,0,0,100,100,0,0,0,0,0,16,16,0,0,0
571,em_crypt_prop_coffin05,em_crypt_prop_coffin05.nif,0,0,0,0,2048,0,0,0,100,100,0,0,0,0,0,16,16,0,0,0
572,em_crypt_prop_font,em_crypt_prop_font.nif,0,0,0,0,2048,0,0,0,100,100,0,0,0,0,0,16,16,0,0,0
573,em_crypt_prop_pot02,em_crypt_prop_pot02.nif,0,0,0,0,2048,0,0,0,100,100,0,0,0,0,0,16,16,0,0,0
574,em_crypt_prop_skeleton01,em_crypt_prop_skeleton01.nif,0,0,0,0,2048,0,0,0,100,100,0,0,0,0,0,16,16,0,0,0
575,em_crypt_prop_skeleton02,em_crypt_prop_skeleton02.nif,0,0,0,0,2048,0,0,0,100,100,0,0,0,0,0,16,16,0,0,0
576,em_crypt_room01,em_crypt_room01.nif,0,0,0,0,2048,0,0,0,100,100,0,0,0,0,0,16,16,0,0,0
577,em_cups_01,em_cups_01.nif,0,0,0,0,2048,0,0,0,100,100,0,0,0,0,0,16,16,0,0,0
578,em_cups_02,em_cups_02.nif,0,0,0,0,2048,0,0,0,100,100,0,0,0,0,0,16,16,0,0,0
579,em_cups_04,em_cups_04.nif,0,0,0,0,2048,0,0,0,100,100,0,0,0,0,0,16,16,0,0,0
580,em_cups_05,em_cups_05.nif,0,0,0,0,2048,0,0,0,100,100,0,0,0,0,0,16,16,0,0,0
581,em_dead_guard_f_01,em_dead_guard_f_01.nif,0,0,0,0,2048,0,0,0,100,100,0,0,0,0,0,16,16,0,0,0
582,em_dead_guard_f_02,em_dead_guard_f_02.nif,0,0,0,0,2048,0,0,0,100,100,0,0,0,0,0,16,16,0,0,0
583,em_dead_guard_m_01,em_dead_guard_m_01.nif,0,0,0,0,2048,0,0,0,100,100,0,0,0,0,0,16,16,0,0,0
584,em_dead_guard_m_02,em_dead_guard_m_02.nif,0,0,0,0,2048,0,0,0,100,100,0,0,0,0,0,16,16,0,0,0
585,em_dead_guard_m_03,em_dead_guard_m_03.nif,0,0,0,0,2048,0,0,0,100,100,0,0,0,0,0,16,16,0,0,0
586,em_dead_peasant_f_01,em_dead_peasant_f_01.nif,0,0,0,0,2048,0,0,360,100,100,0,0,0,0,0,16,16,0,0,0
587,em_dead_peasant_m_01,em_dead_peasant_m_01.nif,0,0,0,0,2048,0,0,360,100,100,0,0,0,0,0,16,16,0,0,0
588,em_dead_peasant_m_02,em_dead_peasant_m_02.nif,0,0,0,0,2048,0,0,360,100,100,0,0,0,0,0,16,16,0,0,0
589,em_dock01,em_dock01.nif,0,0,0,0,2048,0,0,0,100,100,0,0,0,0,0,16,16,0,0,0
590,em_dock02,em_dock02.nif,0,0,0,0,2048,0,0,0,100,100,0,0,0,0,0,16,16,0,0,0
591,em_farm_wall01,em_farm_wall01.nif,0,0,0,0,2048,0,0,0,100,100,0,0,0,0,0,16,16,0,0,0
592,em_farm_wall02,em_farm_wall02.nif,0,0,0,0,2048,0,0,0,100,100,0,0,0,0,0,16,16,0,0,0
593,em_farm_wall03,em_farm_wall03.nif,0,0,0,0,2048,0,0,0,100,100,0,0,0,0,0,16,16,0,0,0
594,em_farm_wall04,em_farm_wall04.nif,0,0,0,0,2048,0,0,0,100,100,0,0,0,0,0,16,16,0,0,0
595,em_fence01_piece01,em_fence01_piece01.nif,0,0,0,0,2048,0,0,0,100,100,0,0,0,0,0,16,16,0,0,0
596,em_fence01_piece02,em_fence01_piece02.nif,0,0,0,0,2048,0,0,0,100,100,0,0,0,0,0,16,16,0,0,0
597,em_fence01_piece03,em_fence01_piece03.nif,0,0,0,0,2048,0,0,0,100,100,0,0,0,0,0,16,16,0,0,0
598,em_fence01_piece04,em_fence01_piece04.nif,0,0,0,0,2048,0,0,0,100,100,0,0,0,0,0,16,16,0,0,0
599,em_fence01_piece05,em_fence01_piece05.nif,0,0,0,0,2048,0,0,0,100,100,0,0,0,0,0,16,16,0,0,0
600,em_fence01_piece06,em_fence01_piece06.nif,0,0,0,0,2048,0,0,0,100,100,0,0,0,0,0,16,16,0,0,0
601,em_fence01_piece07,em_fence01_piece07.nif,0,0,0,0,2048,0,0,0,100,100,0,0,0,0,0,16,16,0,0,0
602,em_fence01_piece08,em_fence01_piece08.nif,0,0,0,0,2048,0,0,0,100,100,0,0,0,0,0,16,16,0,0,0
603,em_fence02_piece01,em_fence02_piece01.nif,0,0,0,0,2048,0,0,0,100,100,0,0,0,0,0,16,16,0,0,0
604,em_fence02_piece02,em_fence02_piece02.nif,0,0,0,0,2048,0,0,0,100,100,0,0,0,0,0,16,16,0,0,0
605,em_fence02_piece03,em_fence02_piece03.nif,0,0,0,0,2048,0,0,0,100,100,0,0,0,0,0,16,16,0,0,0
606,em_fence02_piece04,em_fence02_piece04.nif,0,0,0,0,2048,0,0,0,100,100,0,0,0,0,0,16,16,0,0,0
607,em_fence03_piece01,em_fence03_piece01.nif,0,0,0,0,2048,0,0,0,100,100,0,0,0,0,0,16,16,0,0,0
608,em_fence03_piece02,em_fence03_piece02.nif,0,0,0,0,2048,0,0,0,100,100,0,0,0,0,0,16,16,0,0,0
609,em_fence03_piece04,em_fence03_piece04.nif,0,0,0,0,2048,0,0,0,100,100,0,0,0,0,0,16,16,0,0,0
610,em_fence03_piece05,em_fence03_piece05.nif,0,0,0,0,2048,0,0,0,100,100,0,0,0,0,0,16,16,0,0,0
611,em_grainsack01,em_grainsack01.nif,0,0,0,0,2048,0,0,3360,95,105,0,0,0,0,0,16,16,0,0,0
612,em_guiltyrack01,em_guiltyrack01.nif,0,0,0,0,2048,0,0,0,100,100,0,0,0,0,0,16,16,0,0,0
613,em_haybale01,em_haybale01.nif,0,0,0,0,2048,0,0,0,100,100,0,0,0,0,0,16,16,0,0,0
614,em_hourglass_01,em_hourglass_01.nif,0,0,0,0,2048,0,0,0,100,100,0,0,0,0,0,16,16,0,0,0
615,em_jrock_01,em_jrock_01.nif,0,0,0,0,2048,0,0,0,100,100,0,0,0,0,0,16,16,0,0,0
616,em_jrock_03,em_jrock_03.nif,0,0,0,0,2048,0,0,0,100,100,0,0,0,0,0,16,16,0,0,0
617,em_jrock_04,em_jrock_04.nif,0,0,0,0,2048,0,0,0,100,100,0,0,0,0,0,16,16,0,0,0
618,em_jrock_05,em_jrock_05.nif,0,0,0,0,2048,0,0,0,100,100,0,0,0,0,0,16,16,0,0,0
619,em_lamp_post_01,em_lamp_post_01.nif,0,0,0,0,2048,0,0,0,100,100,0,0,0,0,0,16,16,0,0,0
620,em_lantern_02,em_lantern_02.nif,0,0,0,0,2048,0,0,0,100,100,0,0,0,0,0,16,16,0,0,0
621,em_lantern_hand_01,em_lantern_hand_01.nif,0,0,0,0,2048,0,0,0,100,100,0,0,0,0,0,16,16,0,0,0
622,em_milegate01,em_milegate01.nif,0,0,0,0,2048,0,0,0,100,100,0,0,0,0,0,16,16,0,0,0
623,em_milegate01_wall01,em_milegate01_wall01.nif,0,0,0,0,2048,0,0,0,100,100,0,0,0,0,0,16,16,0,0,0
624,em_monument02,em_monument02.nif,0,0,0,0,2048,0,0,0,100,100,0,0,0,0,0,16,16,0,0,0
625,em_monument_statue,em_monument_statue.nif,0,0,0,0,2048,0,0,0,100,100,0,0,0,0,0,16,16,0,0,0
626,em_outhouse_01,em_outhouse_01.nif,0,0,0,0,2048,0,0,0,100,100,0,0,0,0,0,16,16,0,0,0
627,em_plow_01,em_plow_01.nif,0,0,0,0,2048,0,0,0,100,100,0,0,0,0,0,16,16,0,0,0
628,em_praag_building_efx_fire01,em_praag_building_efx_fire01.nif,0,0,0,0,2048,0,0,0,100,100,0,0,0,0,0,16,16,0,0,0
629,em_praag_building_efx_smoke,em_praag_building_efx_smoke.nif,0,0,0,0,2048,0,0,0,100,100,0,0,0,0,0,16,16,0,0,0
630,em_praag_tent01,em_praag_tent01.nif,0,0,0,0,2048,0,0,0,100,100,0,0,0,0,0,16,16,0,0,0
631,em_praag_woodplanks01,em_praag_woodplanks01.nif,0,0,0,0,2048,0,0,0,100,100,0,0,0,0,0,16,16,0,0,0
632,em_praag_woodplanks02,em_praag_woodplanks02.nif,0,0,0,0,2048,0,0,0,100,100,0,0,0,0,0,16,16,0,0,0
633,em_praag_woodplanks03,em_praag_woodplanks03.nif,0,0,0,0,2048,0,0,0,100,100,0,0,0,0,0,16,16,0,0,0
634,em_praag_woodplanks05,em_praag_woodplanks05.nif,0,0,0,0,2048,0,0,0,100,100,0,0,0,0,0,16,16,0,0,0
635,em_praag_woodplanks06,em_praag_woodplanks06.nif,0,0,0,0,2048,0,0,0,100,100,0,0,0,0,0,16,16,0,0,0
636,em_proc_post_01,em_proc_post_01.nif,0,0,0,0,2048,0,0,0,100,100,0,0,0,0,0,16,16,0,0,0
637,em_rack_01,em_rack_01.nif,0,0,0,0,2048,0,0,0,100,100,0,0,0,0,0,16,16,0,0,0
638,em_roadsign02_base,em_roadsign02_base.nif,0,0,0,0,2048,0,0,0,100,100,0,0,0,0,0,16,16,0,0,0
639,em_roadsign02_marker01,em_roadsign02_marker01.nif,0,0,0,0,2048,0,0,0,100,100,0,0,0,0,0,16,16,0,0,0
640,em_rock_00,em_rock_00.nif,0,0,0,0,2048,0,0,360,100,200,0,0,0,0,0,16,16,0,0,0
641,em_rock_01,em_rock_01.nif,0,0,0,0,2048,0,0,360,80,110,0,0,0,0,0,16,16,0,0,0
642,em_rock_02,em_rock_02.nif,0,0,0,0,2048,0,0,0,100,100,0,0,0,0,0,16,16,0,0,0
643,em_rock_03,em_rock_03.nif,0,0,0,0,2048,0,0,0,100,100,0,0,0,0,0,16,16,0,0,0
644,em_rock_04,em_rock_04.nif,0,0,0,0,2048,0,0,0,100,100,0,0,0,0,0,16,16,0,0,0
645,em_rock_05,em_rock_05.nif,0,0,0,0,2048,0,0,360,80,120,0,0,0,0,0,16,16,0,0,0
646,em_rockface_00,em_rockface_00.nif,0,0,0,0,2048,0,0,0,100,100,0,0,0,0,0,16,16,0,0,0
647,em_rockface_01,em_rockface_01.nif,0,0,0,0,2048,0,0,0,100,100,0,0,0,0,0,16,16,0,0,0
648,em_rockface_02,em_rockface_02.nif,0,0,0,0,2048,0,0,0,100,100,0,0,0,0,0,16,16,0,0,0
649,em_rvr_siegepoint,em_rvr_siegepoint.nif,0,0,0,0,2048,0,0,0,100,100,0,0,0,0,0,16,16,0,0,0
650,em_rvr_warcampwall01,em_rvr_warcampwall01.nif,0,0,0,0,2048,0,0,0,100,100,0,0,0,0,0,16,16,0,0,0
651,em_rvr_warcampwall02,em_rvr_warcampwall02.nif,0,0,0,0,2048,0,0,0,100,100,0,0,0,0,0,16,16,0,0,0
652,em_scenario_dockwall01,em_scenario_dockwall01.nif,0,0,0,0,2048,0,0,0,100,100,0,0,0,0,0,16,16,0,0,0
653,em_scenario_dockwall02,em_scenario_dockwall02.nif,0,0,0,0,2048,0,0,0,100,100,0,0,0,0,0,16,16,0,0,0
654,em_scenario_dockwall03,em_scenario_dockwall03.nif,0,0,0,0,2048,0,0,0,100,100,0,0,0,0,0,16,16,0,0,0
655,em_scythe_01,em_scythe_01.nif,0,0,0,0,2048,0,0,36,100,100,0,0,0,0,0,16,16,0,0,0
656,em_sewers_body_float,em_sewers_body_float.nif,0,0,0,0,2048,0,0,0,100,100,0,0,0,0,0,16,16,0,0,0
657,em_ship_galleon01,em_ship_galleon01.nif,0,0,0,0,2048,0,0,0,100,100,0,0,0,0,0,16,16,0,0,0
658,em_ship_galleon02_lownopick,em_ship_galleon02_lownopick.nif,0,0,0,0,2048,0,0,0,100,100,0,0,0,0,0,16,16,0,0,0
659,em_ship_galleon03,em_ship_galleon03.nif,0,0,0,0,2048,0,0,0,100,100,0,0,0,0,0,16,16,0,0,0
660,em_shovel_01,em_shovel_01.nif,0,0,0,0,2048,0,0,360,100,100,0,0,0,0,0,16,16,0,0,0
661,em_shrine_01,em_shrine_01.nif,0,0,0,0,2048,0,0,0,100,100,0,0,0,0,0,16,16,0,0,0
662,em_shrub01_var00,em_shrub01_var00.nif,0,0,0,0,2048,1,0,360,50,110,0,0,0,0,0,16,16,0,0,0
663,em_shrub02_var00,em_shrub02_var00.nif,0,0,0,0,2048,1,0,360,80,125,0,0,0,0,0,16,16,0,0,0
664,em_siege_cannon01,em_siege_cannon01.nif,0,0,0,0,2048,0,0,0,100,100,0,0,0,0,0,16,16,0,0,0
665,em_siege_cannon01_destroyed,em_siege_cannon01_destroyed.nif,0,0,0,0,2048,0,0,0,100,100,0,0,0,0,0,16,16,0,0,0
666,em_siege_helblaster01,em_siege_helblaster01.nif,0,0,0,0,2048,0,0,0,100,100,0,0,0,0,0,16,16,0,0,0
667,em_siege_mortar01,em_siege_mortar01.nif,0,0,0,0,2048,0,0,0,100,100,0,0,0,0,0,16,16,0,0,0
668,em_statue_sigmar01,em_statue_sigmar01.nif,0,0,0,0,2048,0,0,0,100,100,0,0,0,0,0,16,16,0,0,0
669,em_stonebench01,em_stonebench01.nif,0,0,0,0,2048,0,0,0,100,100,0,0,0,0,0,16,16,0,0,0
670,em_table_01,em_table_01.nif,0,0,0,0,2048,0,0,0,100,100,0,0,0,0,0,16,16,0,0,0
671,em_table_02,em_table_02.nif,0,0,0,0,2048,0,0,0,100,100,0,0,0,0,0,16,16,0,0,0
672,em_table_03,em_table_03.nif,0,0,0,0,2048,0,0,0,100,100,0,0,0,0,0,16,16,0,0,0
673,em_table_broken_01,em_table_broken_01.nif,0,0,0,0,2048,0,0,0,100,100,0,0,0,0,0,16,16,0,0,0
674,em_tent_shelf01,em_tent_shelf01.nif,0,0,0,0,2048,0,0,0,100,100,0,0,0,0,0,16,16,0,0,0
675,em_tent_table01,em_tent_table01.nif,0,0,0,0,2048,0,0,0,100,100,0,0,0,0,0,16,16,0,0,0
676,em_torch_post_01,em_torch_post_01.nif,0,0,0,0,2048,0,0,0,100,100,0,0,0,0,0,16,16,0,0,0
677,em_torturestake01,em_torturestake01.nif,0,0,0,0,2048,0,0,0,100,100,0,0,0,0,0,16,16,0,0,0
678,em_torturestake01_corpse,em_torturestake01_corpse.nif,0,0,0,0,2048,0,0,0,100,100,0,0,0,0,0,16,16,0,0,0
679,em_torturestake02,em_torturestake02.nif,0,0,0,0,2048,0,0,0,100,100,0,0,0,0,0,16,16,0,0,0
680,em_tree01_var00,em_tree01_var00.nif,0,0,0,0,2048,0,0,360,80,110,0,0,0,0,0,16,16,0,0,0
681,em_tree02_var00,em_tree02_var00.nif,0,0,0,0,2048,0,0,360,75,120,0,0,0,0,0,16,16,0,0,0
682,em_tree03_var00,em_tree03_var00.nif,0,0,0,0,2048,0,0,360,80,110,0,0,0,0,0,16,16,0,0,0
683,em_tree04_var00,em_tree04_var00.nif,0,0,0,0,2048,0,0,360,75,150,0,0,0,0,0,16,16,0,0,0
684,em_tree05_var00,em_tree05_var00.nif,0,0,0,0,2048,0,0,360,75,120,0,0,0,0,0,16,16,0,0,0
685,em_tree06_var00,em_tree06_var00.nif,0,0,0,0,2048,0,0,360,70,110,0,0,0,0,0,16,16,0,0,0
686,em_tree07_var00,em_tree07_var00.nif,0,0,0,0,2048,0,0,360,80,150,0,0,0,0,0,16,16,0,0,0
687,em_wagon01,em_wagon01.nif,0,0,0,0,2048,0,0,0,100,100,0,0,0,0,0,16,16,0,0,0
688,em_wbarrow_broken_01,em_wbarrow_broken_01.nif,0,0,0,0,2048,0,0,0,100,100,0,0,0,0,0,16,16,0,0,0
689,em_well01,em_well01.nif,0,0,0,0,2048,0,0,0,100,100,0,0,0,0,0,16,16,0,0,0
690,em_wheatSquare01,em_wheatSquare01.nif,0,0,0,0,2048,1,0,360,80,80,0,0,0,0,0,16,16,0,0,0
691,em_wheel_barrow,em_wheel_barrow.nif,0,0,0,0,2048,0,0,0,100,100,0,0,0,0,0,16,16,0,0,0
692,em_wine_barrel_01,em_wine_barrel_01.nif,0,0,0,0,2048,0,0,0,100,100,0,0,0,0,0,16,16,0,0,0
693,em_wine_barrels_01,em_wine_barrels_01.nif,0,0,0,0,2048,0,0,0,100,100,0,0,0,0,0,16,16,0,0,0
694,ge_amb_bird01,ge_amb_bird01.nif,0,0,0,0,2048,0,0,0,100,100,0,0,0,0,0,16,16,0,0,0
695,ge_amb_bird01_gull_var00,ge_amb_bird01_gull_var00.nif,0,0,0,0,2048,0,0,0,100,100,0,0,0,0,0,16,16,0,0,0
696,ge_amb_bird01_gull_var01,ge_amb_bird01_gull_var01.nif,0,0,0,0,2048,0,0,0,100,100,0,0,0,0,0,16,16,0,0,0
697,ge_amb_bird01_gull_var02,ge_amb_bird01_gull_var02.nif,0,0,0,0,2048,0,0,0,100,100,0,0,0,0,0,16,16,0,0,0
698,ge_amb_bird02,ge_amb_bird02.nif,0,0,0,0,2048,0,0,0,100,100,0,0,0,0,0,16,16,0,0,0
699,ge_amb_bird03,ge_amb_bird03.nif,0,0,0,0,2048,0,0,0,100,100,0,0,0,0,0,16,16,0,0,0
700,ge_amb_bird04,ge_amb_bird04.nif,0,0,0,0,2048,0,0,0,100,100,0,0,0,0,0,16,16,0,0,0
701,ge_amb_flyswarm01,ge_amb_flyswarm01.nif,0,0,0,0,2048,0,0,0,100,100,0,0,0,0,0,16,16,0,0,0
702,ge_bonepiece00,ge_bonepiece00.nif,0,0,0,0,2048,0,0,360,95,105,0,0,0,0,0,16,16,0,0,0
703,ge_bonepiece02,ge_bonepiece02.nif,0,0,0,0,2048,0,0,360,95,105,0,0,0,0,0,16,16,0,0,0
704,ge_bonepiece03,ge_bonepiece03.nif,0,0,0,0,2048,0,0,360,95,105,0,0,0,0,0,16,16,0,0,0
705,ge_bonepiece04,ge_bonepiece04.nif,0,0,0,0,2048,0,0,360,95,105,0,0,0,0,0,16,16,0,0,0
706,ge_bonepiece05,ge_bonepiece05.nif,0,0,0,0,2048,0,0,360,95,105,0,0,0,0,0,16,16,0,0,0
707,ge_bonepiece06,ge_bonepiece06.nif,0,0,0,0,2048,0,0,360,95,105,0,0,0,0,0,16,16,0,0,0
708,ge_bonepiece07,ge_bonepiece07.nif,0,0,0,0,2048,0,0,360,95,105,0,0,0,0,0,16,16,0,0,0
709,ge_bonepiece08,ge_bonepiece08.nif,0,0,0,0,2048,0,0,360,95,105,0,0,0,0,0,16,16,0,0,0
710,ge_bonepiece10,ge_bonepiece10.nif,0,0,0,0,2048,0,0,360,95,105,0,0,0,0,0,16,16,0,0,0
711,ge_bonfire,ge_bonfire.nif,0,0,0,0,2048,0,0,0,100,100,0,0,0,0,0,16,16,0,0,0
712,ge_caveEntrance01,ge_caveEntrance01.nif,0,0,0,0,2048,0,0,0,100,100,0,0,0,0,0,16,16,0,0,0
713,ge_cavehall03,ge_cavehall03.nif,0,0,0,0,2048,0,0,0,100,100,0,0,0,0,0,16,16,0,0,0
714,ge_cavehall05,ge_cavehall05.nif,0,0,0,0,2048,0,0,0,100,100,0,0,0,0,0,16,16,0,0,0
715,ge_cavehall08,ge_cavehall08.nif,0,0,0,0,2048,0,0,0,100,100,0,0,0,0,0,16,16,0,0,0
716,ge_cavehall09,ge_cavehall09.nif,0,0,0,0,2048,0,0,0,100,100,0,0,0,0,0,16,16,0,0,0
717,ge_dead_horse,ge_dead_horse.nif,0,0,0,0,2048,0,0,0,100,100,0,0,0,0,0,16,16,0,0,0
718,ge_firewood01,ge_firewood01.nif,0,0,0,0,2048,0,0,0,100,100,0,0,0,0,0,16,16,0,0,0
719,ge_invisiblewall01,ge_invisiblewall01.nif,0,0,0,0,2048,0,0,0,100,100,0,0,0,0,0,16,16,0,0,0
720,ge_jump01,ge_jump01.nif,0,0,0,0,2048,0,0,0,100,100,0,0,0,0,0,16,16,0,0,0
721,ge_jump03,ge_jump03.nif,0,0,0,0,2048,0,0,0,100,100,0,0,0,0,0,16,16,0,0,0
722,ge_lair_altar,ge_lair_altar.nif,0,0,0,0,2048,0,0,0,100,100,0,0,0,0,0,16,16,0,0,0
723,ge_lumber01,ge_lumber01.nif,0,0,0,0,2048,0,0,0,100,100,0,0,0,0,0,16,16,0,0,0
724,ge_lumber02,ge_lumber02.nif,0,0,0,0,2048,0,0,0,100,100,0,0,0,0,0,16,16,0,0,0
725,ge_lumber03,ge_lumber03.nif,0,0,0,0,2048,0,0,0,100,100,0,0,0,0,0,16,16,0,0,0
726,ge_lumber04,ge_lumber04.nif,0,0,0,0,2048,0,0,0,100,100,0,0,0,0,0,16,16,0,0,0
727,ge_lumber05,ge_lumber05.nif,0,0,0,0,2048,0,0,0,100,100,0,0,0,0,0,16,16,0,0,0
728,ge_occluder_rectangle01,ge_occluder_rectangle01.nif,0,0,0,0,2048,0,0,0,100,100,0,0,0,0,0,16,16,0,0,0
729,ge_occluder_straight01,ge_occluder_straight01.nif,0,0,0,0,2048,0,0,0,100,100,0,0,0,0,0,16,16,0,0,0
730,ge_occluder_trapezoid01,ge_occluder_trapezoid01.nif,0,0,0,0,2048,0,0,0,100,100,0,0,0,0,0,16,16,0,0,0
731,ge_prop_bedroll,ge_prop_bedroll.nif,0,0,0,0,2048,0,0,360,100,100,0,0,0,0,0,16,16,0,0,0
732,ge_roadsign01_marker01,ge_roadsign01_marker01.nif,0,0,0,0,2048,0,0,0,100,100,0,0,0,0,0,16,16,0,0,0
733,ge_roadsign01_marker02,ge_roadsign01_marker02.nif,0,0,0,0,2048,0,0,0,100,100,0,0,0,0,0,16,16,0,0,0
734,ge_roadsign01_stick,ge_roadsign01_stick.nif,0,0,0,0,2048,0,0,0,100,100,0,0,0,0,0,16,16,0,0,0
735,ge_rock011,ge_rock011.nif,0,0,0,0,2048,0,0,0,100,100,0,0,0,0,0,16,16,0,0,0
736,ge_rvr_palisade_empire01,ge_rvr_palisade_empire01.nif,0,0,0,0,2048,0,0,0,100,100,0,0,0,0,0,16,16,0,0,0
737,ge_spidercave_03,ge_spidercave_03.nif,0,0,0,0,2048,0,0,0,100,100,0,0,0,0,0,16,16,0,0,0
738,ge_spidercave_04,ge_spidercave_04.nif,0,0,0,0,2048,0,0,0,100,100,0,0,0,0,0,16,16,0,0,0
739,ge_spidercave_07,ge_spidercave_07.nif,0,0,0,0,2048,0,0,0,100,100,0,0,0,0,0,16,16,0,0,0
740,ge_spidercave_08,ge_spidercave_08.nif,0,0,0,0,2048,0,0,0,100,100,0,0,0,0,0,16,16,0,0,0
741,ge_spidercave_entrance01,ge_spidercave_entrance01.nif,0,0,0,0,2048,0,0,0,100,100,0,0,0,0,0,16,16,0,0,0
742,ge_spiderweb_00,ge_spiderweb_00.nif,0,0,0,0,2048,0,0,360,100,100,0,0,0,0,0,16,16,0,0,0
743,ge_spiderweb_01,ge_spiderweb_01.nif,0,0,0,0,2048,0,0,360,100,100,0,0,0,0,0,16,16,0,0,0
744,ge_spiderweb_02,ge_spiderweb_02.nif,0,0,0,0,2048,0,0,360,100,100,0,0,0,0,0,16,16,0,0,0
745,ge_spiderweb_03,ge_spiderweb_03.nif,0,0,0,0,2048,0,0,360,100,100,0,0,0,0,0,16,16,0,0,0
746,ge_spiderweb_04,ge_spiderweb_04.nif,0,0,0,0,2048,0,0,360,100,100,0,0,0,0,0,16,16,0,0,0
747,ge_tent01_large,ge_tent01_large.nif,0,0,0,0,2048,0,0,0,100,100,0,0,0,0,0,16,16,0,0,0
748,ge_tent01_medium,ge_tent01_medium.nif,0,0,0,0,2048,0,0,0,100,100,0,0,0,0,0,16,16,0,0,0
749,ge_tent01_medium_ruined,ge_tent01_medium_ruined.nif,0,0,0,0,2048,0,0,0,100,100,0,0,0,0,0,16,16,0,0,0
750,ge_tree_dead_lg_00,ge_tree_dead_lg_00.nif,0,0,0,0,2048,0,0,0,100,100,0,0,0,0,0,16,16,0,0,0
751,ge_tree_dead_lg_01,ge_tree_dead_lg_01.nif,0,0,0,0,2048,0,0,0,100,100,0,0,0,0,0,16,16,0,0,0
752,ge_tree_dead_lg_02,ge_tree_dead_lg_02.nif,0,0,0,0,2048,0,0,0,100,100,0,0,0,0,0,16,16,0,0,0
753,ge_trees_dead_sm01,ge_trees_dead_sm01.nif,0,0,0,0,2048,0,0,360,75,105,0,0,0,0,0,16,16,0,0,0
754,ge_trees_dead_sm02,ge_trees_dead_sm02.nif,0,0,0,0,2048,0,0,360,75,105,0,0,0,0,0,16,16,0,0,0
755,ge_trees_dead_sm03,ge_trees_dead_sm03.nif,0,0,0,0,2048,0,0,360,75,105,0,0,0,0,0,16,16,0,0,0
756,ge_trees_dead_sm04,ge_trees_dead_sm04.nif,0,0,0,0,2048,0,0,360,75,105,0,0,0,0,0,16,16,0,0,0
757,ge_warcamp_destruction_barracks01,ge_warcamp_destruction_barracks01.nif,0,0,0,0,2048,0,0,0,100,100,0,0,0,0,0,16,16,0,0,0
758,ge_warcamp_destruction_centerpiece01,ge_warcamp_destruction_centerpiece01.nif,0,0,0,0,2048,0,0,0,100,100,0,0,0,0,0,16,16,0,0,0
759,ge_warcamp_destruction_command01,ge_warcamp_destruction_command01.nif,0,0,0,0,2048,0,0,0,100,100,0,0,0,0,0,16,16,0,0,0
760,ge_warcamp_destruction_forge01,ge_warcamp_destruction_forge01.nif,0,0,0,0,2048,0,0,0,100,100,0,0,0,0,0,16,16,0,0,0
761,ge_warcamp_destruction_mess01,ge_warcamp_destruction_mess01.nif,0,0,0,0,2048,0,0,0,100,100,0,0,0,0,0,16,16,0,0,0
762,ge_warcamp_destruction_travel01,ge_warcamp_destruction_travel01.nif,0,0,0,0,2048,0,0,0,100,100,0,0,0,0,0,16,16,0,0,0
763,ge_warcamp_destruction_weapon01,ge_warcamp_destruction_weapon01.nif,0,0,0,0,2048,0,0,0,100,100,0,0,0,0,0,16,16,0,0,0
764,ge_warcamp_order_centerpiece02,ge_warcamp_order_centerpiece02.nif,0,0,0,0,2048,0,0,0,100,100,0,0,0,0,0,16,16,0,0,0
765,ge_warcamp_order_command01,ge_warcamp_order_command01.nif,0,0,0,0,2048,0,0,0,100,100,0,0,0,0,0,16,16,0,0,0
766,ge_warcamp_order_mess01,ge_warcamp_order_mess01.nif,0,0,0,0,2048,0,0,0,100,100,0,0,0,0,0,16,16,0,0,0
767,ge_warcamp_order_travel01,ge_warcamp_order_travel01.nif,0,0,0,0,2048,0,0,0,100,100,0,0,0,0,0,16,16,0,0,0
768,ge_waterfall_tall_01,ge_waterfall_tall_01.nif,0,0,0,0,2048,0,0,0,100,100,0,0,0,0,0,16,16,0,0,0
769,go_prop_anvil,go_prop_anvil.nif,0,0,0,0,2048,0,0,0,100,100,0,0,0,0,0,16,16,0,0,0
770,he_banner_standing01,he_banner_standing01.nif,0,0,0,0,2048,0,0,0,100,100,0,0,0,0,0,16,16,0,0,0
771,he_roadside_brazier01,he_roadside_brazier01.nif,0,0,0,0,2048,0,0,0,100,100,0,0,0,0,0,16,16,0,0,0
772,he_tent02,he_tent02.nif,0,0,0,0,2048,0,0,0,100,100,0,0,0,0,0,16,16,0,0,0
773,or_banner05,or_banner05.nif,0,0,0,0,2048,0,0,0,100,100,0,0,0,0,0,16,16,0,0,0
774,or_bush02_var02,or_bush02_var02.nif,0,0,0,0,2048,0,0,0,100,100,0,0,0,0,0,16,16,0,0,0
775,or_pile_dung01,or_pile_dung01.nif,0,0,0,0,2048,0,0,0,100,100,0,0,0,0,0,16,16,0,0,0
776,or_plank01,or_plank01.nif,0,0,0,0,2048,0,0,0,100,100,0,0,0,0,0,16,16,0,0,0
777,or_pvp_banner01,or_pvp_banner01.nif,0,0,0,0,2048,0,0,0,100,100,0,0,0,0,0,16,16,0,0,0
778,or_torch01,or_torch01.nif,0,0,0,0,2048,0,0,0,100,100,0,0,0,0,0,16,16,0,0,0
779,or_transportcatapult_prop,or_transportcatapult_prop.nif,0,0,0,0,2048,0,0,0,100,100,0,0,0,0,0,16,16,0,0,0
780,qi_ch_portalsmall01,qi_ch_portalsmall01.nif,0,0,0,0,2048,0,0,0,100,100,0,0,0,0,0,16,16,0,0,0
781,QI_CTF_PVP_banner_white,QI_CTF_PVP_banner_white.nif,0,0,0,0,2048,0,0,0,100,100,0,0,0,0,0,16,16,0,0,0
782,qi_em_bedroll01,qi_em_bedroll01.nif,0,0,0,0,2048,0,0,360,100,100,0,0,0,0,0,16,16,0,0,0
783,qi_ge_spidercocoon01,qi_ge_spidercocoon01.nif,0,0,0,0,2048,1,0,360,100,100,0,0,0,0,0,16,16,0,0,0
784,qi_ge_spidercocoon02,qi_ge_spidercocoon02.nif,0,0,0,0,2048,1,0,360,100,100,0,0,0,0,0,16,16,0,0,0
785,qi_oldcampfire02,qi_oldcampfire02.nif,0,0,0,0,2048,0,0,0,100,100,0,0,0,0,0,16,16,0,0,0
786,sk_entrance01,sk_entrance01.nif,0,0,0,0,2048,0,0,0,100,100,0,0,0,0,0,16,16,0,0,0
787,test-siegepad,test-siegepad.nif,0,0,0,0,2048,0,0,0,100,100,0,0,0,0,0,16,16,0,0,0
788,vfx_amb_FallLeaf_02,vfx_amb_FallLeaf_02.nif,0,0,0,0,2048,0,0,0,100,100,0,0,0,0,0,16,16,0,0,0
789,vfx_amb_WarbossFire,vfx_amb_WarbossFire.nif,0,0,0,0,2048,0,0,0,100,100,0,0,0,0,0,16,16,0,0,0
790,vfx_AreaFog,vfx_AreaFog.nif,0,0,0,0,2048,0,0,0,100,100,0,0,0,0,0,16,16,0,0,0
791,vfx_fire_candle01,vfx_fire_candle01.nif,0,0,0,0,2048,0,0,0,100,100,0,0,0,0,0,16,16,0,0,0
792,vfx_fire_house_small,vfx_fire_house_small.nif,0,0,0,0,2048,0,0,360,90,100,0,0,0,0,0,16,16,0,0,0
793,vfx_orc_SiegeTowerFire,vfx_orc_SiegeTowerFire.nif,0,0,0,0,2048,0,0,0,100,100,0,0,0,0,0,16,16,0,0,0
794,vfx_pyro_fire_large,vfx_pyro_fire_large.nif,0,0,0,0,2048,0,0,0,100,100,0,0,0,0,0,16,16,0,0,0
795,vfx_pyro_fire_normal,vfx_pyro_fire_normal.nif,0,0,0,0,2048,0,0,0,100,100,0,0,0,0,0,16,16,0,0,0
796,vfx_pyro_torchfire,vfx_pyro_torchfire.nif,0,0,0,0,2048,0,0,0,100,100,0,0,0,0,0,16,16,0,0,0
797,vfx_SMOK_houseSmoke01,vfx_SMOK_houseSmoke01.nif,0,0,0,0,2048,0,0,0,100,100,0,0,0,0,0,16,16,0,0,0
798,vfx_SMOK_smolderingCampfire_Large,vfx_SMOK_smolderingCampfire_Large.nif,0,0,0,0,2048,0,0,0,100,100,0,0,0,0,0,16,16,0,0,0
799,ge_tent02,ge_tent02.nif,0,0,0,0,2048,0,0,0,100,100,0,0,0,0,0,16,16,0,0,0
800,em_grainsack_pile02,em_grainsack_pile02.nif,0,0,0,0,2048,0,0,0,100,100,0,0,0,0,0,16,16,0,0,0
801,em_grainsack_pile03,em_grainsack_pile03.nif,0,0,0,0,2048,0,0,0,100,100,0,0,0,0,0,16,16,0,0,0
802,ge_colplane_sm,ge_colplane_sm.nif,0,0,0,0,2048,0,0,0,100,100,0,0,0,0,0,16,16,0,0,0
803,em_pitchfork_01,em_pitchfork_01.nif,0,0,0,0,2048,0,0,0,100,100,0,0,0,0,0,16,16,0,0,0
804,em_cage_small01_open,em_cage_small01_open.nif,0,0,0,0,2048,0,0,0,100,100,0,0,0,0,0,16,16,0,0,0
805,em_city_weapons_rack,em_city_weapons_rack.nif,0,0,0,0,2048,0,0,0,100,100,0,0,0,0,0,16,16,0,0,0
806,qi_em_cauldron,qi_em_cauldron.nif,0,0,0,0,2048,0,0,0,100,100,0,0,0,0,0,16,16,0,0,0
807,em_message_board,em_message_board.nif,0,0,0,0,2048,0,0,0,100,100,0,0,0,0,0,16,16,0,0,0
808,ch_portal_gate01,ch_portal_gate01.nif,0,0,0,0,2048,0,0,0,100,100,0,0,0,0,0,16,16,0,0,0
809,he_lv_portal_gate01,he_lv_portal_gate01.nif,0,0,0,0,2048,0,0,0,100,100,0,0,0,0,0,16,16,0,0,0
810,vfx_natu_flyswarm_hv_yglow,vfx_natu_flyswarm_hv_yglow.nif,0,0,0,0,2048,0,0,0,100,100,0,0,0,0,0,16,16,0,0,0
811,vfx_natu_flyswarm_hv_yglow02,vfx_natu_flyswarm_hv_yglow02.nif,0,0,0,0,2048,0,0,0,100,100,0,0,0,0,0,16,16,0,0,0
